{
    "configurations": [
        {
            "name": "Win32",
            "includePath": [
                "${workspaceFolder}/**"
            ],
            "defines": [
                "_DEBUG",
                "UNICODE",
                "_UNICODE"
            ],
            "compilerPath": "C:\\Program Files (x86)\\Dev-Cpp\\MinGW64\\bin\\gcc.exe",
            "cStandard": "c11",
            "cppStandard": "c++14",
            "intelliSenseMode": "clang-x64"
        }
    ],
    "version": 4
}